"rowname"	"baseMean"	"log2FoldChange"	"lfcSE"	"stat"	"pvalue"	"padj"
"Noc2l"	2555.47845291773	-1.0054228417458	0.172965831953035	-5.81284078128679	6.14214757594559e-09	1.54884837422778e-07
"Rpl23"	24763.1146243467	-1.00559310228564	0.274155873678449	-3.66796118132809	0.000244492291827948	0.0020014190785424
"Nr1d1"	121.244143793069	-1.00580176361477	0.328434770090784	-3.06240951083454	0.0021956284875634	0.0126490456766957
"Wdr43"	2970.47909661059	-1.0118567255864	0.158006354579073	-6.40389893357121	1.51458391022062e-10	5.07505814996149e-09
"Wars"	2605.19697449649	-1.01598794832534	0.283159578920058	-3.58804018638613	0.000333172946115028	0.00260357746002322
"Mcfd2"	5260.2863123471	-1.01677144476744	0.361456863668521	-2.81298142867716	0.00490844859114403	0.0248568008332198
"Entpd6"	510.128972500648	-1.01683698118621	0.22547669604566	-4.50972095573149	6.49129534143767e-06	8.30492391865146e-05
"Rdh14"	353.115631852511	-1.01736933225028	0.244527705087453	-4.16054831859001	3.17484436318409e-05	0.000336547167537814
"Rpl36a"	13196.5444327312	-1.01871564048515	0.241485610368469	-4.21853558450438	2.45894167695123e-05	0.000269153934520802
"Polr1b"	1301.14830893031	-1.01886551864038	0.233565078677785	-4.3622339624065	1.2874108736579e-05	0.000151465529299704
"E430018J23Rik"	73.3431499345871	-1.02011785856345	0.321837549079153	-3.16966699964698	0.00152613730228956	0.00942798115214581
"Rpl17"	29431.8385352423	-1.02021916613605	0.261044290723526	-3.90822248327419	9.29776666224074e-05	0.000862480213232463
"Arid1b"	3926.36166520683	-1.02180004743751	0.166699505475233	-6.12959255352631	8.8104410158966e-10	2.62483642927226e-08
"Rpl12"	29823.4552451592	-1.02206682848515	0.185661192553252	-5.5050105756053	3.69146108749822e-08	7.79267435570873e-07
"Mlh3"	467.868888061786	-1.02467072042209	0.283547574203828	-3.61375237753051	0.000301797307425556	0.00240153947863621
"Mag"	700.936316036484	-1.02583964647151	0.323070022119693	-3.17528577780408	0.00149689001397265	0.00928066871789608
"Phgdh"	3711.32357572412	-1.02597427635	0.087277902472358	-11.7552581728799	6.6357618199908e-32	1.50856388329237e-29
"Slc1a5"	7523.80797457745	-1.02608507414179	0.0979829861812279	-10.4720739194859	1.16071727241832e-25	1.73251708429551e-23
"Mta1"	2030.52783338168	-1.0293424499601	0.132183040056505	-7.78725053925285	6.84830724079859e-15	3.83323621580609e-13
"Zfp94"	65.416472481959	-1.03085876155467	0.339095115868993	-3.04002833810479	0.00236555889694413	0.0134497359831256
"Ccdc166"	171.929528007945	-1.03278311602784	0.314647692983184	-3.28234765122855	0.00102946597609611	0.00678822790217412
"Rrp9"	1071.66554991806	-1.03318311040885	0.264732355927978	-3.90274587625374	9.5107543451618e-05	0.000880027657848816
"Rpl32"	19393.8112298409	-1.03387510643201	0.212061977885983	-4.87534407034476	1.08618966457947e-06	1.68776284684447e-05
"Def8"	1994.04675283799	-1.03506584781005	0.141198000573979	-7.33059847591636	2.29127193122063e-13	1.09219759121443e-11
"Angel1"	181.59203320303	-1.0382943048462	0.321600553656781	-3.22852150918338	0.00124431901011405	0.00799447913585013
"Bcap29"	2629.28312018764	-1.03886974457153	0.152682266285343	-6.8041284023779	1.01662835988717e-11	3.92238048930882e-10
"Npepl1"	2308.05800759598	-1.03888493168105	0.115597459248646	-8.98709139831915	2.53859499142738e-19	2.1314101243365e-17
"Srm"	2504.6296741018	-1.04161950713611	0.269646700161383	-3.86290470646482	0.000112046724332035	0.00101390964204194
"Pus7"	1056.18936649238	-1.04483441683536	0.234217873104536	-4.4609508360151	8.15968097028653e-06	0.000101154031625775
"2210016F16Rik"	727.615268629644	-1.04858599633815	0.391570127512797	-2.67790089861714	0.0074085134573158	0.0347100834999225
"Mbtps2"	881.278627720635	-1.04952925504605	0.112983774684823	-9.28920332121836	1.55447461912884e-20	1.52122327462695e-18
"Xylt1"	273.164004778914	-1.05804814574932	0.213531896734723	-4.95498874841996	7.23344748537371e-07	1.17331123481194e-05
"Susd3"	183.933918984832	-1.06041040886803	0.397518199702222	-2.66757700568772	0.00764003788028233	0.0355692626833434
"Gm6402"	302.101758063448	-1.06083341952213	0.273242700527582	-3.88238521092731	0.000103436848076124	0.000944676331286085
"Snora65"	77.5253355642793	-1.06621260032854	0.385011672755396	-2.76929941551647	0.00561769831155422	0.0277263620406936
"9130024F11Rik"	82.874972671819	-1.06665103988633	0.344567089401628	-3.09562657808867	0.00196397526880042	0.0115532096126846
"Sgsh"	383.015374448232	-1.0677595963266	0.217709864018336	-4.90450720338823	9.3662184593203e-07	1.47395750983361e-05
"Cep83os"	417.792980225107	-1.06968061743192	0.400963564362868	-2.667775111017	0.00763553480870554	0.0355595013766914
"Hddc2"	293.570233274823	-1.07388933901085	0.276164462893494	-3.88858627123581	0.00010082982995608	0.000925442482770806
"Zdhhc1"	157.7970877841	-1.07514117435377	0.272280635349235	-3.94865089459912	7.85928690600472e-05	0.000747706596517722
"Gpc2"	72.8401973434486	-1.07619634563557	0.398683642793603	-2.69937421584341	0.00694700114167109	0.032924795710665
"Hnrnpa1"	357.514103425958	-1.07793491532747	0.226471034366298	-4.75970323685631	1.93877812646349e-06	2.84219487844752e-05
"Mgat4b"	1012.38465406454	-1.08117719469401	0.269019017155042	-4.01896195342539	5.84551082198414e-05	0.000577014785681093
"Rab11fip4"	374.568915824029	-1.0820504207156	0.182982221844163	-5.91341830813011	3.3507975277363e-09	8.97006070060856e-08
"Zfp932"	378.045361689504	-1.08221483443571	0.155922225618467	-6.94073490897845	3.90065367199621e-12	1.59226406936707e-10
"Pgls"	2158.19464482224	-1.08308773365806	0.111174669976073	-9.74221676476455	1.99161555877752e-22	2.29922680562933e-20
"Eif2b2"	1602.29299951966	-1.08328090730091	0.126363107944832	-8.57276245353079	1.0103176437987e-17	7.31836461883012e-16
"Gkap1"	234.855145108513	-1.0834347479768	0.398116788654286	-2.72139929501347	0.00650061883368172	0.0312186039991273
"Entpd5"	651.991475103928	-1.08358247357217	0.264364294976296	-4.09882307922605	4.15256293145362e-05	0.000425536910111582
"Cox7c"	532.856129173583	-1.0841059543207	0.303963434578307	-3.5665669978519	0.000361688371381114	0.00278701769499567
"Treml2"	2973.63424269862	-1.08573056344177	0.335754622392788	-3.23370250483585	0.00122196670769397	0.00787890855793243
"Gm9776"	87.1394262435395	-1.0871720589904	0.33684146118032	-3.22754822159024	0.00124855994647724	0.00801475687623553
"Akr1c13"	804.610583986532	-1.08817726415331	0.245638318007635	-4.42999802709726	9.42339503321886e-06	0.000114797616163129
"Il12rb1"	206.159807356756	-1.0887639302031	0.337794782745815	-3.22315200179506	0.00126788253615284	0.00812059537963146
"Npm1"	23588.8702434623	-1.08895750997207	0.193064525087657	-5.6403811600171	1.69674141849829e-08	3.84551348790632e-07
"1810032O08Rik"	549.712937307991	-1.08914048817727	0.412031586893886	-2.64334221652227	0.0082092017021169	0.0377904590505238
"Ccdc137"	648.219528967676	-1.09130034453629	0.227319855987943	-4.8007260069449	1.58091445366065e-06	2.35733328776421e-05
"Tle3"	3356.47810065068	-1.09159039752524	0.303803133875683	-3.59308471772355	0.000326786283001353	0.00256509804322969
"Eef2"	90869.3348852897	-1.09164910269179	0.180231146398072	-6.05693923890767	1.38735962305093e-09	4.01193995104181e-08
"Nle1"	993.4384765708	-1.09215132957322	0.106467363527107	-10.2580856085082	1.08843096334193e-24	1.50315367713119e-22
"Etv4"	293.136132928638	-1.09363190128338	0.198483675368737	-5.50993374770831	3.58968784078162e-08	7.5995440147894e-07
"Lin28a"	1659.59823064028	-1.09389702061044	0.173323832642789	-6.31129028207504	2.76718598434012e-10	9.04661665721105e-09
"Zfp821"	135.91725229253	-1.09390945363285	0.39912745101015	-2.74075223556857	0.00612987117253362	0.0297768265340333
"Gm11974"	486.473136919641	-1.0939960799672	0.184922212390132	-5.91597983729063	3.29905626285647e-09	8.86366443567818e-08
"Odc1"	8275.70659779183	-1.09415219922553	0.147920996686847	-7.39686875921939	1.39433231945647e-13	6.77764759362114e-12
"Sepw1"	1240.86613502962	-1.09442949681602	0.405957727818864	-2.69591985031592	0.00701945544695765	0.0332137345948425
"Ttc17"	1349.5185546151	-1.09470042512571	0.178410820891258	-6.13584097453893	8.47098632721754e-10	2.54050774700115e-08
"Anxa9"	286.794611834715	-1.09640404307827	0.332702858693285	-3.29544521313848	0.000982658622373085	0.00652643084861179
"E130317F20Rik"	136.805647330496	-1.09693228811345	0.337776333728648	-3.24751078918	0.00116419250151679	0.00755523609789791
"Mettl1"	395.317519048582	-1.09808021081559	0.143463639210066	-7.6540663324993	1.94721753918714e-14	1.06177245669994e-12
"Eml5"	984.564544306054	-1.09885886201962	0.19052710890396	-5.76746725618732	8.04717134564055e-09	1.97202406259586e-07
"Tfap4"	795.9376864236	-1.0999150196545	0.266831587488928	-4.12213197847178	3.75382021111126e-05	0.000389618288151858
"4930526I15Rik"	442.845951835924	-1.09993829557692	0.414827454375346	-2.65155616865625	0.0080121785208517	0.0370218767988197
"Nop56"	4615.61873727836	-1.10037868676618	0.197894088616882	-5.56044242886149	2.69091609739247e-08	5.84759811340715e-07
"Pde4a"	1119.49346594528	-1.10290914356249	0.100788216932267	-10.9428381325932	7.19128155942394e-28	1.31192058769886e-25
"1110038B12Rik"	1293.0149341912	-1.10307306674101	0.101379218042669	-10.8806626055918	1.42523150260794e-27	2.53742721855874e-25
"AA474331"	139.399374584821	-1.10572530081467	0.353556515275835	-3.12743579326211	0.00176338331466012	0.0105667133985128
"Dync2li1"	95.9636590631575	-1.10613593268154	0.381246479215628	-2.9013669449677	0.00371538525012426	0.0197348123080827
"3830406C13Rik"	701.339585153409	-1.1084925358204	0.189080151933138	-5.862553655089	4.55802254485301e-09	1.1775157193233e-07
"Rnf157"	338.310888051974	-1.11389849902814	0.351724790556564	-3.16696044445866	0.0015404126975255	0.00950424986694544
"Cetn3"	1167.09013907799	-1.11397286485569	0.264092669379431	-4.21811354125548	2.46354765802989e-05	0.000269458502906793
"Dancr"	141.406450817006	-1.12103204851772	0.393451048270954	-2.84922877558508	0.0043825354585779	0.0226274787753555
"Dennd4a"	2052.22783424041	-1.12172399532047	0.166142628058729	-6.75157247978502	1.4625129261443e-11	5.47127936952766e-10
"Rpl13a"	29900.0377038484	-1.12805717477456	0.285223882293184	-3.95498850133111	7.65383328462043e-05	0.000731096925965327
"Eno3"	252.610695378585	-1.12844617742408	0.437061167283052	-2.58189530870233	0.00982593871471945	0.0436291755971783
"Dennd2d"	830.252772996241	-1.12906386930818	0.372980338432367	-3.02714044942321	0.00246879220618023	0.0139579063868844
"Ift122"	277.650959699309	-1.13023924905764	0.417981856321063	-2.70403901979294	0.0068502244554035	0.0325589471783524
"Cdkn2aipnl"	3100.85879855678	-1.1307851970619	0.146941894662606	-7.69545812416738	1.40988101489587e-14	7.71622657670974e-13
"Gm13375"	111.218956458846	-1.13280634417825	0.338066370848065	-3.35084007716154	0.000805668156638145	0.00552966017215136
"Zfp800"	1256.47748709485	-1.13343848230486	0.216585811116409	-5.23320745926272	1.66593578892194e-07	3.0580786525341e-06
"Il15ra"	254.997554140342	-1.13428909601171	0.240764601068629	-4.71119546219497	2.46267894196172e-06	3.50925812202202e-05
"Fam60a"	2325.20822509539	-1.13471660819661	0.190249582983474	-5.96435792605746	2.4559785346545e-09	6.75828581128297e-08
"Dtd1"	457.43492525519	-1.13822344055128	0.165569028675661	-6.8746156793671	6.21572020406907e-12	2.47573308505468e-10
"Mlst8"	404.913580417569	-1.14185755332197	0.252809485231116	-4.51667211884117	6.28190593493679e-06	8.0704179409293e-05
"Mblac2"	114.026014616288	-1.1419959436779	0.332758093291663	-3.43191034778812	0.000599345652688218	0.00427851725109845
"4930509E16Rik"	196.079778490585	-1.1446905725981	0.289224987773301	-3.9577858794667	7.56477227037329e-05	0.000724932813484475
"Traf4"	253.471005699648	-1.14657006156838	0.297818109908887	-3.84990040370331	0.000118165864676362	0.00106471767214793
"Oaf"	531.436593358439	-1.14839360353534	0.34875887454242	-3.29280109371283	0.000991946231971608	0.00658490092984926
"Spire1"	359.813910702923	-1.14847434353751	0.282994402627657	-4.05829349582079	4.94326179648169e-05	0.00049691550725585
"Sema4d"	1057.60720854475	-1.14944711708489	0.164735271022954	-6.97754105691628	3.00391050304353e-12	1.2468759972886e-10
"Cd2ap"	1119.22548205297	-1.15148793425353	0.251604366144074	-4.57658168616266	4.72635207869712e-06	6.2976830177554e-05
"Cep85l"	636.523361368693	-1.15630902012253	0.213281148752206	-5.42152471930817	5.9092823556282e-08	1.19947067814722e-06
"Tmem42"	153.338610682137	-1.15772909755548	0.36939452300804	-3.13412632144057	0.0017236663606503	0.0103876907876547
"Bend3"	396.841794375027	-1.15777352594125	0.22340462998532	-5.18240613910878	2.19041602364324e-07	3.90443637893561e-06
"Cyb561"	67.1387032764658	-1.15907865071511	0.415431449988694	-2.79005995031588	0.00526982826915571	0.0262726897210911
"Prr7"	304.999106931652	-1.15988060206203	0.374127330438063	-3.10022954138083	0.0019337072196005	0.0114023908954655
"Bri3bp"	3416.22697099878	-1.1607159591041	0.195284299078651	-5.94372391728542	2.78618711973508e-09	7.59621532625927e-08
"Rfesd"	242.306919785331	-1.16195769017954	0.418798970769596	-2.77449987053286	0.0055286656071866	0.0273508843914953
"Tgtp1"	90.582835735205	-1.16346958241076	0.403624563808758	-2.88255395417914	0.00394465574810193	0.0207364560617937
"D030028A08Rik"	593.120901935392	-1.16542419751531	0.2888883349013	-4.03416841982729	5.47960066115001e-05	0.000544533012574403
"Rps29"	15212.6579637151	-1.16626482300968	0.325155438560802	-3.58679168391519	0.000334771553652463	0.0026118897826412
"Gm19345"	161.694511479732	-1.16832018522066	0.353174856347397	-3.30805028790455	0.000939479380635829	0.0062901044935755
"Rasa1"	971.521140669786	-1.17104319729573	0.134186927095719	-8.72695442574965	2.61622447935412e-18	2.0784918887858e-16
"Gnl3"	1941.91702466279	-1.17467584431866	0.263769069758362	-4.45342528369521	8.45111254132331e-06	0.000104242145261381
"AI314180"	13283.083553661	-1.17603475032113	0.232153014000877	-5.06577420664756	4.06743812365002e-07	6.91651704869694e-06
"Adam3"	425.562618733609	-1.17606014960454	0.226695108824169	-5.18784968808801	2.12736200787498e-07	3.80121262277734e-06
"Tmem161b"	355.13415247997	-1.17678171719542	0.170556330171376	-6.89966602830269	5.21249361136393e-12	2.10450869112363e-10
"Gm6710"	138.502673306776	-1.17759032207374	0.327383913122795	-3.59697063560985	0.000321944811755718	0.00253321537982654
"Slc1a3"	233.151956039042	-1.18109898940044	0.447035165782213	-2.6420717648326	0.00824005941427044	0.0378853011713361
"Ccnh"	737.9206707534	-1.18411353563336	0.179320429707953	-6.60333871361921	4.01999617207493e-11	1.45240790794013e-09
"Taf4b"	484.022554454613	-1.18419503361613	0.38167591750119	-3.10261920995431	0.00191816276306401	0.0113242873151406
"Asic1"	74.4457506726382	-1.19163206589372	0.409583079069665	-2.90937816230206	0.0036214851254734	0.019368326347854
"Pla2g12a"	663.464938655582	-1.19689237496874	0.285114323476696	-4.19793842825499	2.69355837810372e-05	0.000290742966787718
"Irf5"	479.612806991805	-1.19708972075589	0.329959387723783	-3.62799109615878	0.000285635109087863	0.0022951767302835
"2310001H17Rik"	182.090791519573	-1.19912894727398	0.351937816911175	-3.40721823473897	0.000656286301268907	0.00462247029258849
"Usp25"	1180.5467267596	-1.20096030773695	0.192627485688604	-6.23462588136764	4.52859048246472e-10	1.4147776228199e-08
"Rrm2b"	847.021151939631	-1.20473852899408	0.42285444499818	-2.84906199578738	0.00438483352551388	0.0226274787753555
"Snhg8"	717.254372626776	-1.20676360626763	0.249905564575262	-4.82887849383683	1.37304153091651e-06	2.07458432539399e-05
"Galnt11"	398.272711562709	-1.20724342005089	0.253905911370722	-4.75468811865599	1.98752999404688e-06	2.90501787557178e-05
"Mfsd3"	185.476282397589	-1.2117255925544	0.235613901629378	-5.1428442217321	2.70609999901535e-07	4.73231238881062e-06
"Bzw2"	1551.12111811983	-1.21337124147725	0.326660636546308	-3.71447032708285	0.000203629760796606	0.00169618769745854
"Ceacam16"	442.510729059584	-1.22231642307094	0.324014198314995	-3.77241623801513	0.000161674250124944	0.00139060558445652
"Alkbh1"	575.452039792738	-1.22289163337602	0.161581233157108	-7.56827763646895	3.78205016937363e-14	2.017594056059e-12
"Dus4l"	245.321788050291	-1.22301898183464	0.301826906651971	-4.05205419026765	5.07699015959811e-05	0.000508973430043292
"Cmtm4"	375.225408415906	-1.22424064558481	0.283270306312676	-4.32181071684049	1.54753924684674e-05	0.000179075861007473
"Acyp1"	785.984653938451	-1.23176421865392	0.22016480765895	-5.59473710513266	2.20956317985025e-08	4.92469307822733e-07
"Zfp296"	198.483361014547	-1.23650771718507	0.254494061136749	-4.85868987143337	1.18165055699155e-06	1.82458205649572e-05
"Rps7"	29389.3434839479	-1.23821378403402	0.299160902252873	-4.13895590870824	3.48889987042616e-05	0.000366421274948737
"2410016O06Rik"	954.842423112576	-1.23845196123429	0.114093581592425	-10.8547031651473	1.89421228571267e-27	3.33223511261621e-25
"Ccbl1"	239.030711031168	-1.24023937816546	0.332640398884719	-3.72846888809583	0.00019264668683271	0.00161471360823991
"Vpreb3"	35.2102134258513	-1.24212718195503	0.458096865502181	-2.71149461062863	0.00669806299028374	0.0320418506984211
"Mllt4"	240.946971615604	-1.24214071337279	0.355752345602145	-3.49158826000246	0.000480157798135852	0.00355832085408901
"Ralgapa1"	4029.50335614639	-1.24317968596984	0.197954815501445	-6.28011843420278	3.38315209668711e-10	1.08680083766838e-08
"Gm3893"	75.8596221947376	-1.24579167520588	0.373953539310168	-3.33140763289471	0.000864079702465374	0.00586787948682483
"Hspbap1"	401.977187229075	-1.24708377641897	0.223725095958787	-5.5741792000335	2.48699632907849e-08	5.45257340575562e-07
"Zfp677"	148.140611873539	-1.2495276271873	0.232834733202357	-5.36658603294093	8.02409347123251e-08	1.58730962817139e-06
"Dedd2"	1209.16798746167	-1.25132477799161	0.170900483064005	-7.32194991820454	2.44393369445442e-13	1.16122212871231e-11
"Angptl4"	395.092338412205	-1.26454686267633	0.17738335621667	-7.12889241497786	1.01179777185891e-12	4.44980228415450e-11
"Tk2"	769.790195318821	-1.2691321116826	0.359790537970663	-3.52741936694867	0.000419631551103264	0.00316372215849639
"Fam195a"	250.646020158764	-1.27088386037371	0.28528100137226	-4.45484926882791	8.39521554019981e-06	0.000103725836151783
"Ly6c1"	3062.60313143026	-1.27116860853744	0.427256568523454	-2.97518798348833	0.00292809054013769	0.0161509495750708
"Nudt8"	446.458122353375	-1.27133553796515	0.20864127040038	-6.09340393454024	1.10534678277652e-09	3.23439790278983e-08
"Antxr2"	713.933981012918	-1.27364607985004	0.359127377628018	-3.54650232533727	0.000390381297165079	0.00297667783961574
"Ccdc157"	153.656458028413	-1.2806424927068	0.208412423112859	-6.14475122729756	8.00889363906566e-10	2.41525349600966e-08
"Galr3"	107.076845834209	-1.28116600828459	0.259983584748617	-4.92787269443712	8.31297503817988e-07	1.32944623527256e-05
"Atg9b"	167.001038655717	-1.28362121277312	0.485401971584728	-2.64444993616813	0.00818238098728502	0.0377022275800158
"Gas5"	6025.65240089181	-1.28893813404656	0.257260418981133	-5.01024657874435	5.43603391120585e-07	9.06639651308001e-06
"Anxa1"	3335.65412799009	-1.28901388118436	0.459078521081017	-2.80782877436532	0.00498767384600763	0.0251373998712329
"Inpp5a"	723.631865585476	-1.28987853414476	0.452077942541779	-2.85322156372529	0.00432784354058391	0.0223881350856157
"Wdr89"	119.499834524958	-1.29187038587287	0.422344342990484	-3.05880830964978	0.00222219290019956	0.0127622792406719
"Rara"	836.848028496823	-1.29648276272092	0.500079783821511	-2.59255183805563	0.00952668230993095	0.0425819069854355
"Akr1c12"	146.269764641618	-1.30221410596396	0.297733678510048	-4.37375480154158	1.22127547538075e-05	0.000144374301597611
"Ppan"	2031.90882021362	-1.30398101341818	0.181511454415549	-7.1840150122585	6.76934265751184e-13	3.04971269664794e-11
"Simc1"	259.783004320517	-1.30916024918065	0.216340816487815	-6.05137888649131	1.43611233985106e-09	4.12868327742783e-08
"Hyi"	422.644699889108	-1.31219904454201	0.419359189018296	-3.12905756903485	0.00175367946241791	0.0105299152442704
"Snhg5"	1212.29375230736	-1.32023571185732	0.296869626759132	-4.44719025745433	8.7000776665742e-06	0.000106867038802134
"Wdr34"	543.998178184125	-1.3237678485754	0.315630647388315	-4.19404091310179	2.74028523879834e-05	0.000294924945183708
"Gm16845"	77.7736970139435	-1.32732550965982	0.476975859606948	-2.78279389391657	0.00538930301365043	0.0267510012202595
"Dact3"	274.538641514239	-1.32845850332428	0.208847107093158	-6.36091407639996	2.00556618319234e-10	6.65983179528836e-09
"Rps20"	18447.8465734139	-1.33461417248326	0.222000442334372	-6.01176357330447	1.8351583516869e-09	5.16535904054806e-08
"Akap13"	11307.0952938104	-1.33857592037599	0.190156225612808	-7.03934838873786	1.931409061845e-12	8.27258890054596e-11
"Foxc1"	184.44545158875	-1.34045773316626	0.231273546819774	-5.79598381050838	6.79218161289305e-09	1.69540654888042e-07
"1110002L01Rik"	126.327274681925	-1.3407575617544	0.404146637190295	-3.31750270415611	0.000908260364527309	0.00611730328469464
"Amotl1"	1018.91893703983	-1.34115808078713	0.178365364250735	-7.51916206613865	5.51284146999241e-14	2.84011156123319e-12
"Sh3bp5"	653.650467388815	-1.34443452693129	0.367029906625504	-3.66301084097509	0.000249267984891613	0.00203392214949937
"Tmem82"	88.7749296285648	-1.3464693332166	0.374506963395676	-3.5953118762014	0.000324003191840323	0.00254805490464314
"Prex1"	2263.30035979341	-1.35074067487596	0.236137510386616	-5.72014447287288	1.06433513990577e-08	2.52046159653648e-07
"4921507P07Rik"	99.5700918102073	-1.35170197216214	0.523805037701561	-2.58054404763529	0.0098644771138338	0.043747712578368
"Wdr65"	125.944666929921	-1.35196530512909	0.394149660384721	-3.43008111134605	0.000603400845416535	0.00430123217207918
"Map2k3os"	51.7355546315912	-1.3535878386869	0.419971415559417	-3.22304754213777	0.00126834500481758	0.00812059537963146
"Zfp593"	126.14829887994	-1.35413036279957	0.335553776766731	-4.03550922849821	5.44839979030544e-05	0.000542526979119565
"Igf2bp2"	70.5426069491771	-1.35627827073871	0.462888881135589	-2.93002991865219	0.00338929369450197	0.0182720149301918
"2410004N09Rik"	441.051756305013	-1.35826250132017	0.202289803362266	-6.71443878408327	1.88791412955341e-11	7.0094741438218e-10
"Spats2"	527.763371018248	-1.36012505731735	0.227251659616434	-5.98510505759577	2.1625023496035e-09	6.02930136228131e-08
"9430008C03Rik"	692.822297797669	-1.36199910078068	0.240822468255241	-5.65561473831061	1.55289447797552e-08	3.54122248472905e-07
"Mir17hg"	588.322393980308	-1.36373000085786	0.301575306533052	-4.52202143648785	6.12518547213083e-06	7.89118271331101e-05
"Slco3a1"	564.633010406875	-1.36395061363534	0.398958657083942	-3.41877683167647	0.000629032947012165	0.00444569971668509
"Trmt61a"	394.950901035396	-1.36891241584969	0.170302600330958	-8.03811810970243	9.12286764516368e-16	5.57060393357784e-14
"B630019K06Rik"	170.956755414159	-1.3720777179838	0.286797712281924	-4.7841306231726	1.71728983821887e-06	2.545275018993e-05
"Mthfd2l"	103.182557590992	-1.37319955017849	0.314211412836128	-4.3703044958926	1.24073398124609e-05	0.000146323432089972
"Fam102a"	442.440341009226	-1.37933800583928	0.486048262930483	-2.83786222693807	0.0045416781569887	0.023262522747252
"Grcc10"	1249.76773593759	-1.37957414043408	0.527124885266959	-2.61716754225216	0.00886628106424873	0.0401031635403745
"Kbtbd7"	4619.39620396794	-1.37981942237974	0.43640605413529	-3.16177882800861	0.00156808614769062	0.00963877246440277
"Snord53"	36.6814720988263	-1.3821389268341	0.530675042699311	-2.60449204432861	0.00920105570514474	0.0413893455570544
"Cdk17"	3526.35108806405	-1.38224225262082	0.262902559249052	-5.25762189827677	1.45930163700042e-07	2.71930646783798e-06
"Pvt1"	160.949673491583	-1.3873931619646	0.293486829654009	-4.72727571319023	2.27552191649271e-06	3.27413703602851e-05
"H2-Oa"	100.188073952594	-1.39209476226079	0.421631219361395	-3.30168805898497	0.000961048859696302	0.00640280387724628
"2410002F23Rik"	1713.7978191415	-1.39417357403915	0.115993205090563	-12.0194417677366	2.80862464764585e-33	7.03441464716317e-31
"Gnat2"	46.0553406781939	-1.40082221362745	0.538842584829565	-2.59968727985841	0.00933087483802051	0.0418459294329072
"Zmynd11"	764.277549762588	-1.40769335406358	0.227965743439278	-6.17502144324829	6.61544914128681e-10	2.02119636667877e-08
"Frat1"	416.598345804523	-1.41227624274545	0.301279716358147	-4.68759151733468	2.76439092708921e-06	3.89784396274783e-05
"Crnde"	154.802180853671	-1.41363728018712	0.270793772477875	-5.22034634420044	1.78588827500046e-07	3.24850706325756e-06
"Flt3l"	269.671016007016	-1.4154796485068	0.405017752752235	-3.49485828432983	0.000474313526771939	0.00352207587191404
"1810008I18Rik"	269.505496703823	-1.41679842612654	0.442296881810907	-3.2032747333097	0.0013587429257463	0.00860246110272195
"Eif3f"	9691.14474515094	-1.42074454066173	0.105636589891259	-13.4493601329259	3.10547900517661e-41	1.31113323598557e-38
"B230217O12Rik"	28.3321649217668	-1.4213469054328	0.508422305629717	-2.79560296567312	0.0051802997256552	0.025913774220043
"Glyat"	307.090961963731	-1.42351892978337	0.250949244766306	-5.67253721408491	1.40697943388967e-08	3.22840607058814e-07
"Ankrd63"	350.140438622565	-1.4274950198996	0.342549486572394	-4.16726655813544	3.08273943895394e-05	0.000327724033736851
"Il2ra"	103.073208656771	-1.42786411343734	0.516784995738967	-2.76297517383528	0.00572771228396865	0.0281565879902294
"Mllt6"	896.825900401967	-1.42971888197114	0.394504469113748	-3.62408792271224	0.000289982954010506	0.00232505594759265
"Irf8"	547.401829563512	-1.43146126591782	0.37460258512498	-3.82127973153264	0.000132760959982108	0.00117473575188959
"Dctd"	416.901563048679	-1.43431621270989	0.335223731431882	-4.27868339327685	1.88002054644099e-05	0.000213372224383706
"Zfr2"	408.574131735116	-1.43523624943373	0.56088621777973	-2.5588723772089	0.010501228521226	0.0458559851826706
"C030006K11Rik"	595.357665928369	-1.44694207795479	0.25173557194058	-5.74786497911515	9.03773620177397e-09	2.18935455497728e-07
"Faf1"	3161.9876991874	-1.44846248328201	0.152138029282923	-9.52071280342658	1.71995213926947e-21	1.85516297532737e-19
"Fbxw4"	784.115594377306	-1.45154997845033	0.492302593463259	-2.94849143133481	0.00319328991937666	0.0173546322687124
"Fnbp1l"	7269.43605522275	-1.4518968736722	0.160783320791774	-9.03014607810289	1.71442785639532e-19	1.49028874428396e-17
"Rpl34"	40.5298423007747	-1.45195357347417	0.540112511440813	-2.68824280630144	0.00718291456357525	0.0338354888447407
"Smagp"	151.36565612502	-1.45951659189144	0.328798538705673	-4.43893880318593	9.04035147777966e-06	0.000110862467873154
"Lair1"	611.958141605998	-1.46556122199236	0.458359987511076	-3.19740217716309	0.00138671436858938	0.00873092382814031
"Marveld1"	484.392845415388	-1.46570162868072	0.285705023174494	-5.13012201324002	2.89554433387293e-07	5.03974777640051e-06
"Zfp579"	225.354960103188	-1.46696464873505	0.393858169574048	-3.72460129574448	0.000195624151765189	0.00163781194936782
"Slc26a10"	309.950124624352	-1.46703155450743	0.455651830775118	-3.2196327446152	0.00128354918684401	0.00819310080656882
"Kcnc3"	163.344609114469	-1.46981906076075	0.375776950475911	-3.91141356301728	9.17574958358045e-05	0.000852767620104203
"Nudcd2"	1682.09582075088	-1.47778787140806	0.116052303840964	-12.7338090024752	3.83655883608052e-37	1.206230423846e-34
"Snhg1"	1905.04246538329	-1.47827938021868	0.358530608857289	-4.12316087859349	3.73708494193346e-05	0.000388620015390224
"Rpl22l1"	3372.23644837238	-1.48369500924807	0.122587368355475	-12.1031638834574	1.01617748360636e-33	2.6343955570616e-31
"Hlcs"	348.547872692961	-1.4885381215655	0.267408348781502	-5.56653570596549	2.59853554589217e-08	5.66350438962368e-07
"Cela1"	269.599026897491	-1.48927349079717	0.541697893019895	-2.74926949132969	0.00597282567533607	0.0291288597374393
"Mst1"	671.823275413637	-1.48987079188537	0.261325816598342	-5.70120017715395	1.18966833035991e-08	2.80378451638412e-07
"Spns3"	396.751354107074	-1.49583963074902	0.260979026544315	-5.73164690877954	9.94601508955119e-09	2.38591339250484e-07
"Zfp599"	55.0947015094668	-1.49649734937728	0.548482698017075	-2.72843127921364	0.00636363479445854	0.0306703950938402
"Ica1"	374.350011720548	-1.4989983185831	0.316201569646078	-4.74064161117516	2.13042487086924e-06	3.08640081537596e-05
"4930579G18Rik"	373.24209836379	-1.5083076232641	0.290697566228567	-5.18858015508174	2.11903547951064e-07	3.79091855698896e-06
"Itgal"	4022.45181702697	-1.50833563261099	0.450521339725262	-3.34797821903578	0.000814034088271484	0.00558189407071356
"Nr4a1"	566.405443863659	-1.5123307410114	0.262132369619134	-5.76933990719554	7.9582640381683e-09	1.95347620750852e-07
"Jrk"	108.226687831346	-1.52421351247117	0.279662973334112	-5.45017988723949	5.03188973856047e-08	1.03272548148206e-06
"Doc2g"	171.565625211172	-1.52686962969725	0.374251200924443	-4.07979887820188	4.50746821892189e-05	0.00045840920764631
"Pard6b"	130.176989747898	-1.5280439546896	0.305278837335892	-5.00540413487073	5.57449508430227e-07	9.27638669602867e-06
"2900005J15Rik"	62.4855761997471	-1.53648764137534	0.49381969637644	-3.11143450261261	0.00186180770387227	0.0110401013002089
"Nr1d2"	238.125965207866	-1.5392445335322	0.30317300686307	-5.07711603172974	3.8320687185531e-07	6.57682688200455e-06
"Stx3"	263.527621953697	-1.55568678542069	0.257079662592851	-6.05138022094149	1.4361004415385e-09	4.12868327742783e-08
"Zfpm1"	473.364578779806	-1.55582180522759	0.491835655635747	-3.16329608762614	0.00155993589421376	0.00960865890320832
"Myc"	4366.01799949199	-1.55719232891407	0.16980718689703	-9.17035584517602	4.71460133290359e-20	4.47082118229707e-18
"Gpr18"	66.5281959942894	-1.56319739518003	0.558303303964222	-2.79990711873023	0.00511173124645891	0.0256663447600827
"Tcea2"	125.341947160078	-1.5755287422713	0.306465323964592	-5.14096903979038	2.73325094302818e-07	4.77414292968409e-06
"Hopx"	942.616612820152	-1.58451549173645	0.578372800512051	-2.73960928026635	0.0061512261802569	0.0298332676625872
"Tbc1d10c"	333.265834831309	-1.58571652744135	0.22040848037181	-7.1944442644239	6.27156787965429e-13	2.83409659197711e-11
"Slfn8"	252.871689723336	-1.59026734731967	0.519870697628103	-3.05896707503466	0.00222101558187638	0.0127604771591708
"Cd24a"	6499.06720271742	-1.59233118896495	0.339600138885263	-4.68884139503527	2.74756233234111e-06	3.87781552865374e-05
"Btla"	586.904886968934	-1.59607894742467	0.451397680298439	-3.53585987940708	0.000406450216393232	0.00308005889622707
"Trim44"	2471.11936256373	-1.60156326664848	0.113598205393102	-14.0984909145909	3.87977743349016e-45	1.9110490378228e-42
"Snord95"	24.7847184716763	-1.6087142635608	0.612032657400036	-2.62847781749874	0.00857679490578856	0.0391775265294706
"Gcnt1"	431.581983400683	-1.60988602356648	0.420708373315693	-3.82660799184629	0.000129921166017587	0.00115375304702036
"Clec2d"	292.31844244463	-1.61108407682464	0.25171413623672	-6.40045132510763	1.54918333231791e-10	5.17924934426736e-09
"Degs2"	60.8343216682816	-1.61558386087064	0.555533709703779	-2.90816530599394	0.00363556105265162	0.0194214593435558
"Lgalsl"	303.093257506889	-1.61901710888253	0.307466777022881	-5.2656652031125	1.39682642626062e-07	2.60946954498776e-06
"Syt3"	47.2853172269269	-1.6303734020141	0.551625888484299	-2.95557811199521	0.0031208366001661	0.0170520241148369
"Syne4"	50.9905965959534	-1.63091821819269	0.52831694169136	-3.08700722897784	0.00202182679793032	0.0118229262338806
"Sytl1"	482.6747041128	-1.63547449680959	0.54783683889153	-2.98533136274432	0.00283271281530386	0.0156775270680693
"Arhgap27os3"	144.617528156553	-1.64154319669361	0.30057997628358	-5.46125266556317	4.72786594007204e-08	9.78253392696419e-07
"Polr3g"	329.710415616422	-1.64927379581325	0.482419386474734	-3.41875522015248	0.000629082906380762	0.00444569971668509
"Abhd6"	52.0910158433133	-1.65014491254217	0.490924041202163	-3.36130393716578	0.00077575409958436	0.00535168922948557
"Mrpl52"	497.41209190869	-1.65430700958831	0.164943095629254	-10.0295620333617	1.1301678510862e-23	1.43969744271559e-21
"Ets1"	2537.09794686065	-1.65835657436919	0.343274434096911	-4.83099354233008	1.35853411243155e-06	2.05687075608617e-05
"Cd34"	2115.22279109786	-1.66633332099915	0.244162545919728	-6.82468850708569	8.81162988916653e-12	3.42656460190036e-10
"Ciart"	107.761753147949	-1.67707857541718	0.488484038344913	-3.43323106543968	0.000596433568192397	0.00425978677485696
"Gm16897"	36.527968031696	-1.67974728375752	0.538986447469943	-3.11649261617323	0.00183016263697186	0.0108874047047235
"Pkd1l2"	333.125445504273	-1.6897103651282	0.372442679418654	-4.53683333973879	5.71051983737323e-06	7.45444802445797e-05
"Card6"	119.396607500343	-1.6963977842547	0.665364679155911	-2.54957595044986	0.0107854015717803	0.0467926832137983
"Ripk3"	1193.61671207068	-1.7177477012215	0.197990656181654	-8.6759028650599	4.10282255893181e-18	3.2248621783689e-16
"Dgat2"	1788.38559546392	-1.73780081636697	0.547770098704807	-3.17250032536637	0.00151132389978478	0.00934819307958128
"Slitrk6"	22.21748335406	-1.73858020131766	0.67202131821559	-2.58709084696017	0.00967900694762141	0.0431192902215862
"Tst"	1321.80570586947	-1.74382864454316	0.206372385749998	-8.44991270612947	2.91520707915043e-17	2.06114904347397e-15
"Cacnb1"	46.9565379745804	-1.74422526016029	0.593331704443994	-2.93971356510402	0.00328515786158198	0.0177884857898853
"Lpcat4"	592.244052388743	-1.74742645583937	0.24260779156914	-7.2026806910749	5.90401242063713e-13	2.67618378956303e-11
"Prkce"	164.12023756033	-1.7477072647903	0.561833545752937	-3.11072074282805	0.00186631344916349	0.0110535125604364
"Prss57"	614.386588000901	-1.76155097821944	0.531967699761327	-3.31138709927272	0.000928346919135953	0.00623402481002661
"Nrgn"	218.356496950621	-1.76991078211004	0.559270676430798	-3.16467652730412	0.00155255450382414	0.00957516606970337
"S1pr4"	635.254336450214	-1.77496300985738	0.401468864290799	-4.42117226946821	9.81668690921454e-06	0.000119097850950298
"Atp8b2"	709.939537476433	-1.78053796013785	0.355931961115525	-5.00246719782476	5.66012152128747e-07	9.38716225814421e-06
"Fam73a"	448.699621593108	-1.78333185906387	0.222481304739349	-8.01564815143979	1.09557718813441e-15	6.66228152636303e-14
"2010204K13Rik"	38.6751247836141	-1.78612350698722	0.635408694025626	-2.81098373972703	0.00493902818855945	0.0249688742874933
"Slc45a3"	37.3061380475929	-1.78641695861733	0.702738154616045	-2.54208049880738	0.0110194791219884	0.047668279562536
"Cuedc1"	322.788369572921	-1.79581290412122	0.488644757789009	-3.67508885646663	0.000237766649221294	0.00194976569120037
"C5ar2"	120.629738001516	-1.81087087209458	0.702772377402431	-2.57675305735247	0.00997331727601196	0.0441014847222495
"Crim1"	724.774261611554	-1.81376998291134	0.304572987484644	-5.95512424752636	2.59874321860259e-09	7.13784917124358e-08
"Rgs11"	102.738360380199	-1.82707845345212	0.437583180765408	-4.17538546672714	2.97481897197449e-05	0.000317392779414203
"Mir7-1"	24.3005724512046	-1.83617773284292	0.630537753684279	-2.91208214276465	0.00359028206677844	0.0192501092838767
"Pycr1"	491.380790404254	-1.8425644152777	0.414739655460341	-4.44270132122414	8.88364456553092e-06	0.000109031242312999
"Snai3"	111.035275623553	-1.84554475372508	0.49007840585684	-3.76581528928699	0.00016600648899248	0.00142085423131082
"Tymp"	27.4514120037938	-1.86975271796819	0.710895758890634	-2.63013626763785	0.00853506490318194	0.0390351761294706
"Pcsk4"	154.887684529804	-1.8878672785307	0.291783134832231	-6.47010417382821	9.7935375454773e-11	3.35775184012803e-09
"Mir6516"	32.8008424081365	-1.89942429958505	0.541433094431248	-3.50814222315004	0.000451247740565403	0.00336602113192073
"Slc2a13"	122.323080241079	-1.90091788361706	0.718863401960671	-2.64433810155363	0.00818508522457816	0.0377029315347854
"Ydjc"	641.673768403847	-1.90401528021784	0.30373713934905	-6.26862847361505	3.64242032659656e-10	1.16250637507813e-08
"Zfp516"	2356.22029726343	-1.90446256046808	0.546311707181161	-3.48603651621279	0.000490234080773187	0.00361238190806775
"Zfp563"	94.492830390772	-1.92266038990515	0.340240783441175	-5.65088162112572	1.5962699798354e-08	3.63452719445727e-07
"Fam84b"	350.24725626573	-1.92313853113696	0.369313129074858	-5.20733865041432	1.91568286281205e-07	3.4522006907041e-06
"2410006H16Rik"	3058.26924522927	-1.92652784705166	0.546832398408881	-3.52306822466497	0.000426581535645515	0.00321120496802535
"Lphn1"	642.686688647319	-1.92833240289706	0.321123455341791	-6.0049565698794	1.91383126124774e-09	5.37655599761557e-08
"Snord49a"	19.3782415212771	-1.93294469105922	0.7385258846497	-2.61730120938965	0.00886280950645987	0.0400997354797788
"Ggnbp1"	205.308093585584	-1.93555177713326	0.441678207708071	-4.38226687066383	1.17450815999559e-05	0.000139515330227128
"AI507597"	36.2899700058264	-1.94808533474976	0.732529416270545	-2.65939536553748	0.00782810411837447	0.036325137453588
"Trpm2"	752.810510136363	-1.94972540223896	0.5794527377426	-3.36477036908065	0.000766073871727387	0.00529479588518036
"Tmem238"	262.392694607849	-1.95706760437373	0.318961405598415	-6.13575050154423	8.47580915795875e-10	2.54050774700115e-08
"Atp8a2"	62.422080601451	-1.96811988180544	0.447684153832115	-4.3962241347133	1.10150195650251e-05	0.000132010498063566
"Snora3"	44.4478461577817	-1.96970328731968	0.519981098624475	-3.78802862744475	0.000151847356551049	0.00131526869153274
"P2rx3"	9441.80352992438	-1.97836857736541	0.549072166034735	-3.60311212213269	0.000314429815120041	0.00248732836082915
"Il12rb2"	182.308486516453	-1.99008512760381	0.36117026713109	-5.51010232213132	3.58625165488128e-08	7.5995440147894e-07
"1600016N20Rik"	54.2163543178861	-1.99995083999755	0.620786798559595	-3.22163880520335	0.00127459706131705	0.00815708998487746
"Nova2"	57.92609973499	-2.00279291236092	0.757753997161345	-2.64306479393532	0.00821593111707785	0.0378096587097662
"Nrbp2"	32.4312798605841	-2.01895136319499	0.635067018830123	-3.17911543716152	0.001477252465096	0.00919518099272265
"Mex3a"	74.8662377837453	-2.02590329427547	0.440504303226879	-4.59905449148824	4.2441276891564e-06	5.71699862011523e-05
"Rhobtb3"	398.12200814908	-2.02720138850623	0.32182891527724	-6.29900326625373	2.99565680616053e-10	9.70763610189344e-09
"Pecam1"	1688.56393490071	-2.03103600540157	0.166842013223836	-12.1734086406445	4.30712704656242e-34	1.13654314941166e-31
"Ptk2"	97.4292544804822	-2.03841819643323	0.777892802962121	-2.62043586040542	0.00878174477636405	0.0398183008776716
"Camk1d"	232.830953568842	-2.04564830519567	0.334617742676223	-6.11338863514791	9.75374453985252e-10	2.8768679254571e-08
"Clec12a"	4544.87703014736	-2.05446492684982	0.350968822442382	-5.853696384063	4.80765951030627e-09	1.23338167680201e-07
"Rapgef4"	116.404761849526	-2.05945882970619	0.486945607355664	-4.22934060518584	2.34377269863804e-05	0.000257310023534728
"Dnase1l3"	35.4231460344742	-2.08574727403745	0.802490959079812	-2.59909130494018	0.00934709078222721	0.0418816242558518
"Stap1"	608.632296094601	-2.09400303593788	0.179315893497632	-11.6777324926055	1.65655709689624e-31	3.70893094255086e-29
"Ublcp1"	288.890631888784	-2.09479627458836	0.481788536215766	-4.3479579050221	1.37410968800565e-05	0.000161152530632218
"Stc2"	1310.82271257405	-2.09483315975368	0.313517925741497	-6.68170138852258	2.36183916734173e-11	8.68181526761412e-10
"Ctss"	450.43484525332	-2.13396421802652	0.689746732998245	-3.09383736947971	0.00197585763512707	0.0116092438466293
"1500012F01Rik"	1556.06098743536	-2.13662447102731	0.361947895596433	-5.90312720980596	3.56675033311009e-09	9.46245416020967e-08
"Kcnq5"	222.605476207861	-2.14815571198076	0.502785862473537	-4.27250619461048	1.93288182224042e-05	0.000218198584318156
"Ankrd13b"	585.635829756955	-2.15707659567086	0.132931315285076	-16.2270010722826	3.24952333942932e-59	3.00113789917169e-56
"C530008M17Rik"	356.927483223274	-2.15999339475525	0.543334378995494	-3.97544031494677	7.0249160910535e-05	0.000678035173595674
"Znrf3"	132.103597121454	-2.17040493954029	0.379265221993813	-5.7226574272494	1.04870591693769e-08	2.49544723584351e-07
"Lhfp"	73.6868730959517	-2.20856680487443	0.865102990514445	-2.55295245663302	0.0106814075383744	0.0464506060019301
"Snord4a"	16.5267692935018	-2.21575198412764	0.856569564255811	-2.5867741238888	0.0096879076182841	0.0431444305513897
"Six5"	110.167200626128	-2.21678027492511	0.385553717754005	-5.74960160633045	8.94539816775502e-09	2.17054431403803e-07
"Meis3"	50.8671956849549	-2.22411981648562	0.863466265784726	-2.57580394813029	0.0100007332896206	0.0441796220689755
"Slc6a9"	787.448414520804	-2.22555419450009	0.73029189352735	-3.04748582618184	0.00230764408749863	0.0131762197376226
"Zfp36l1"	1030.66861746197	-2.25456712777066	0.640567767143777	-3.51963873833917	0.000432134960524939	0.00324639466785817
"Extl1"	488.506563375574	-2.28516263841751	0.639173551481986	-3.57518334905932	0.000349982538833277	0.00271765211578525
"Rps6kl1"	21.1825431996577	-2.28660173504973	0.717778905040154	-3.18566304887688	0.00144422696664639	0.00902632117750806
"Plxnc1"	1419.31642893073	-2.30554438367505	0.671142479642354	-3.43525324891319	0.000592000313430509	0.0042322151096094
"Map3k9"	165.185437223535	-2.31139468518094	0.570502125827211	-4.05150932931142	5.08882966607018e-05	0.00050981448118996
"Nsmaf"	738.329800754855	-2.32836696909126	0.157450142266233	-14.7879635774111	1.75173997558498e-49	1.17661189178269e-46
"Itk"	91.144504164275	-2.36513794101	0.917139587069298	-2.57882003389228	0.00991384203404267	0.0438941901886742
"Parvb"	334.978201065961	-2.36921356806523	0.29908867047311	-7.92144204030703	2.34771688489539e-15	1.36895136922635e-13
"Adamts17"	20.1521034210239	-2.38595169641904	0.670940560076573	-3.55612976527569	0.000376358234719881	0.00288764979517749
"Slc2a3"	1182.84477279061	-2.38947487999745	0.713813256658342	-3.34747899077075	0.000815501688814361	0.00558936384768544
"Il33"	32.3030764276383	-2.42193432160456	0.760850878364729	-3.18319185858067	0.00145661061701549	0.00908583161149764
"5830473C10Rik"	58.1747487864612	-2.42879565237356	0.503804415790956	-4.82090981390155	1.42904956825199e-06	2.15260606218753e-05
"Uggt2"	128.808926855041	-2.43734224749987	0.366339455198472	-6.65323435112766	2.86721097041019e-11	1.0461426298704e-09
"Pcgf2"	181.809439641971	-2.44369497160762	0.468122504253901	-5.2202040051512	1.78726144848643e-07	3.24850706325756e-06
"Zfp93"	27.5116563609513	-2.44619844717903	0.776026441723689	-3.15221017694396	0.00162039592131757	0.00988220822505563
"Dcbld1"	34.9144412457139	-2.4472420813183	0.95934349048793	-2.55095500786023	0.0107428193181419	0.0466901885482892
"Bsn"	1287.07932305097	-2.44838190065361	0.154124005537103	-15.8857920420723	7.94875497573188e-57	5.8729376138195e-54
"Asb14"	19.320706851603	-2.45733649519385	0.938876028669864	-2.61731732428533	0.00886239105785722	0.0400997354797788
"Rltpr"	244.802122888519	-2.46723198414056	0.502076602728075	-4.91405488870553	8.92117559777737e-07	1.41294975142933e-05
"Mfsd7a"	122.228426235921	-2.48660193070287	0.936357177365401	-2.65561261323307	0.00791644965528998	0.0366597858214415
"Zfp667"	80.0960128192188	-2.48723164437425	0.367563387145527	-6.7668101104681	1.31652680839695e-11	4.97552855439429e-10
"Mir6924"	18.4189134992377	-2.50501828962215	0.905363117480106	-2.76686584780961	0.00565980401541767	0.0279062141928018
"Rasa4"	226.692208365574	-2.51111033246617	0.338506922672083	-7.41819491502313	1.18727289361939e-13	5.84811051633792e-12
"Fam92a"	196.325807558038	-2.5134716124561	0.472869127022262	-5.31536416488821	1.06444230245189e-07	2.06150247750086e-06
"Them6"	202.334598136256	-2.52063815025842	0.439079153630408	-5.7407374716317	9.42651304835319e-09	2.2723586185239e-07
"Qrfp"	22.9496595717831	-2.52145828128078	0.865651816748996	-2.91278575576756	0.00358220279662815	0.0192208463056551
"Cxadr"	101.447856311856	-2.5249333281856	0.673713598939859	-3.74778441782796	0.000178403487130964	0.00151162174847147
"Sp9"	230.827294551285	-2.53743431215546	0.589026864880347	-4.30784139645465	1.64855524777981e-05	0.000189282835248191
"Arntl2"	50.6307246825711	-2.54577599206251	0.816136075789206	-3.11930334607588	0.00181279224600331	0.0108101820093587
"Mctp2"	30.1533927571448	-2.55503757329771	0.832538370676605	-3.06897275043459	0.00214796182438367	0.0124180093422995
"Spint2"	1169.491510008	-2.58027723842086	0.143251945654268	-18.0121619056277	1.5639912360724e-72	2.88888731193023e-69
"Ppic"	345.581676257791	-2.59612807067474	0.532841815845358	-4.87223035706377	1.1034540112669e-06	1.71278780719444e-05
"Celsr1"	608.719102514177	-2.60662605045274	0.323505206561675	-8.05744698255977	7.79043634661893e-16	4.77673352257212e-14
"Ccnd2"	2668.49815502807	-2.61224563450881	0.371739579932899	-7.0270850227472	2.10892870567221e-12	8.92940959418862e-11
"Faah"	97.429791186125	-2.619241327797	0.628905107377324	-4.16476396370801	3.11674842441863e-05	0.000331101304583998
"Dmrta2"	258.569253245581	-2.62036034807082	0.915226521851719	-2.86307300488759	0.00419553882389716	0.0218300976058903
"Dnaja4"	131.916669507448	-2.62269978069794	0.666429477877015	-3.9354498379226	8.30410081705138e-05	0.00078458886044481
"Shcbp1l"	42.5961463470735	-2.63560792038477	0.496609285063793	-5.30720628803026	1.11318173063357e-07	2.14186021270473e-06
"Ptch1"	244.514081587599	-2.64625248225955	0.358598374567353	-7.3794324512827	1.58965707021623e-13	7.67658906097554e-12
"Pkd2"	193.052698906833	-2.66142136365304	0.47264125105978	-5.63095446638538	1.7921504120119e-08	4.03698271925302e-07
"Fhit"	52.8438637115622	-2.67133010358609	0.624811948655507	-4.27541456166829	1.90781955755183e-05	0.00021586408577292
"Snhg12"	925.058139719889	-2.67973614316889	0.62085694235238	-4.31618938336354	1.58745797330946e-05	0.000183264581809327
"Snora52"	15.7804292045351	-2.68306471626099	0.809854346184342	-3.31302132155288	0.000922939436370549	0.0062048571661727
"Bmpr1a"	324.718296621457	-2.68345297215336	0.802932182316685	-3.34206677880421	0.000831570519452158	0.00568368065029812
"Cenpv"	1053.9556385404	-2.71036929785506	0.334544830514042	-8.10166246984139	5.421318182435e-16	3.35191710384276e-14
"Haao"	321.772499841593	-2.71355902251477	0.575662668865523	-4.71380058022951	2.43138625623724e-06	3.47471902402491e-05
"Car12"	560.083487684693	-2.73825086293406	0.307982289340719	-8.89093612751462	6.05962051897254e-19	5.00240292786912e-17
"9930014A18Rik"	119.279687231302	-2.74030335762838	0.343072359362954	-7.98753756413606	1.37660717365298e-15	8.30290783880411e-14
"Alox15"	99.3585135364726	-2.74796416960683	0.99690879242461	-2.75648503703476	0.00584262858196064	0.0286356625391815
"Mapk13"	385.216311331334	-2.77749977882008	0.420968409413061	-6.59788173343609	4.17073751124635e-11	1.50319483423627e-09
"Auts2"	33.2198683988061	-2.83244405386653	0.976192675497142	-2.9015215182024	0.00371355273879844	0.019732171456751
"Hoxa11os"	283.645819462839	-2.8438648330447	0.294021118234191	-9.67231486678291	3.95332960219644e-22	4.42563269179219e-20
"Fam83h"	344.443451771489	-2.84605164672283	0.5401129962071	-5.26936338638211	1.36897712690654e-07	2.56392585605805e-06
"Tcam1"	110.650742158962	-2.85048315392816	0.350192110458633	-8.13976976864213	3.96030251148937e-16	2.50091411163583e-14
"Slc24a3"	166.478359757158	-2.85473652195586	1.00285425438227	-2.8466115684121	0.00441872423718133	0.0227510411333897
"Angptl6"	96.7107390755254	-2.870137871483	1.09343066410538	-2.62489242866743	0.00866763462689917	0.0394813189514788
"Rab19"	41.076300521721	-2.87761268774919	0.758290846021075	-3.79486670958601	0.000147722795604343	0.00128713691834304
"Nefh"	546.912144684466	-2.8838538261021	0.409056206696071	-7.05001850331245	1.78894000844961e-12	7.68464142583135e-11
"Acer2"	82.4400918570914	-2.89478150171156	0.4641337190052	-6.236955823671	4.46167918169444e-10	1.3968269760148e-08
"Smpd5"	105.540908809097	-2.90382882489337	0.907903500207093	-3.19838928281586	0.00138197588318337	0.00870851071462713
"Slc37a3"	102.981956421827	-2.9093396425928	0.707245850037245	-4.11361854217963	3.89504877896004e-05	0.000401935305912657
"Ccdc116"	182.658138436378	-2.94095546130429	0.469007481269923	-6.27059392174537	3.59673515677441e-10	1.15041029029557e-08
"F2rl2"	563.330547265338	-2.95833013455145	0.762555302869175	-3.87949585219655	0.000104673185969216	0.000954787450041423
"Unc13b"	143.65997274849	-2.96200771206945	0.512482863442993	-5.77972050064252	7.48248277612696e-09	1.85207115549126e-07
"Plekha5"	191.871173614211	-2.97291876637294	0.507322210447015	-5.86002091994636	4.62808862989967e-09	1.19352994212962e-07
"Stfa2l1"	635.07430944089	-2.99037026312098	0.860140004093694	-3.47660874844654	0.000507798247127174	0.00371288208698578
"Ffar4"	80.8942312595373	-2.99348939930922	0.526387142737001	-5.68685888440262	1.29397293229711e-08	3.00173281327385e-07
"Zcwpw1"	75.4902194672153	-3.01204661555694	0.732930157313917	-4.10959568998451	3.96352451411209e-05	0.000408715992638063
"Stfa2"	687.560592353479	-3.03954442922743	0.924376859719841	-3.28820912949795	0.00100826912302767	0.00668125239057391
"Colq"	27.1533035987133	-3.04736610867877	1.1951455453899	-2.54978661003552	0.0107788871735816	0.0467918965229186
"Afp"	219.052677791373	-3.0516974779802	0.465617176499491	-6.55409128357947	5.59817166197131e-11	1.97904743179306e-09
"Hoxa11"	866.258160830552	-3.05494836112654	0.171974321303426	-17.76397974984	1.34360973689838e-70	1.98545210821473e-67
"Maml2"	45.1690958148849	-3.06263590342151	1.15726138033304	-2.6464513164175	0.00813412125626627	0.0375032479887197
"Kynu"	33.9438245939074	-3.0662220562462	0.793586248497865	-3.86375401797862	0.00011165766435985	0.00101162802344912
"Itgb2l"	127.096495344168	-3.08555477315255	0.885714781143075	-3.48368892429506	0.00049455393856363	0.0036340246395598
"Col4a1"	1966.50528462051	-3.08915102701012	1.20829159280004	-2.55662709681813	0.0105692452469145	0.0460713088535858
"Sesn3"	43.5623271097621	-3.08971039882456	0.913004387406486	-3.384113418777	0.000714084985744671	0.00497268323956126
"Ttc25"	307.905970694493	-3.0948181651714	0.665317445868105	-4.65164138471265	3.29303381325345e-06	4.54777202415385e-05
"Mipol1"	33.4149836520618	-3.10226596144117	0.71278231496352	-4.3523329582047	1.34696491663087e-05	0.000158094524011552
"Ssbp2"	640.532255309082	-3.10285884761226	0.182075089525916	-17.0416439486117	4.03235791802927e-65	4.96551274622655e-62
"Gm5544"	7.23236295231556	-3.12805514964631	1.0998196523491	-2.84415280538506	0.00445296867691646	0.0229034173821074
"Plp1"	23.2928301886709	-3.13186527407346	1.03956252681211	-3.01267619147214	0.00258955064938134	0.0145441999034238
"Krt7"	48.8965926050301	-3.15178440198783	0.847474197371394	-3.71903287647423	0.000199987023692779	0.00166960918028712
"Ikzf3"	291.634695231177	-3.15272879985058	1.04121770368031	-3.02792469692639	0.00246239438955946	0.0139359639580698
"Matk"	968.64674079507	-3.15835186076976	0.33417245507686	-9.45126330069105	3.3476565483323e-21	3.45932313389555e-19
"Pkp3"	90.9938626955065	-3.18786072422452	0.379126912162841	-8.40842636582675	4.155481597876e-17	2.88288974515557e-15
"2310010J17Rik"	43.4517109420236	-3.22904129817462	0.97840673523827	-3.30030567235236	0.000965795732338487	0.00643152930904273
"Csgalnact1"	13.7623664883329	-3.23062460441848	1.23727966940757	-2.61107062881373	0.00902592506076771	0.0407379641487369
"Olfm4"	1924.46845243428	-3.23708628945528	0.407901449917895	-7.93595190727284	2.08886947962151e-15	1.23468897201468e-13
"Ikzf4"	19.7661940454016	-3.32644123325669	0.846325449286693	-3.93045162007158	8.47864534318803e-05	0.000798018740358532
"Prkcz"	396.247477872401	-3.3347223272196	0.199901414351024	-16.6818345835406	1.77677472174895e-62	1.87538571880602e-59
"Akr1b7"	90.6094696942737	-3.33563122038812	1.112015269357	-2.99962717446937	0.00270310252441031	0.0150617443451023
"Fam20a"	13.7476656920617	-3.34011493046216	1.02409036555276	-3.26154316338999	0.00110807561329019	0.00723874152855401
"Arhgef10"	26.1702772837702	-3.3564452244949	0.889922734570859	-3.77161420211773	0.000162194895025939	0.00139346160685948
"Nrarp"	221.124835607252	-3.36405987998717	0.588728612377195	-5.71410970906207	1.10279838457973e-08	2.60320315158701e-07
"Galnt3"	469.872617959323	-3.3691117474404	0.399328544981432	-8.43694193611192	3.25748184500327e-17	2.29218139160064e-15
"B4galnt4"	160.107047743907	-3.38023603604997	0.454055302215987	-7.44454699582396	9.7277639795917e-14	4.82373048075257e-12
"Alcam"	72.4060681438961	-3.42532211072742	1.31046109274695	-2.61382968917251	0.00895336547990746	0.0404722795033932
"Cox6a2"	241.603563883553	-3.4349208593542	0.979220553497165	-3.50781123525931	0.00045180951218835	0.00336851118143655
"Xlr4a"	45.365484434906	-3.44576469587187	0.644153026424293	-5.34929520551877	8.82974140056336e-08	1.73348608305562e-06
"1700112E06Rik"	148.090222528456	-3.45731759213815	0.420953640474679	-8.21306020358818	2.15621369225839e-16	1.41610532135565e-14
"Cdc42bpa"	194.26339623169	-3.46121677834793	0.335491291647168	-10.3168602718548	5.91250420042409e-25	8.40087255477565e-23
"Bspry"	12.9386808284663	-3.47897199260997	1.24366109944015	-2.79736336062619	0.00515215545076726	0.0257991870877627
"Kctd14"	34.8265365449081	-3.48683417936389	1.17338888643118	-2.97159298139337	0.00296259150332538	0.01632297339472
"Pawr"	287.924862691742	-3.54975318376962	0.471289812664022	-7.53199642424736	4.99703271344174e-14	2.60922800023069e-12
"Ppp1r3e"	161.348207706749	-3.5566422702039	0.342680250251314	-10.3788948081938	3.09335367547453e-25	4.52579081806804e-23
"Itga1"	473.05489723058	-3.58654844794857	0.523316386926659	-6.85349921681549	7.20650466783853e-12	2.839747186044e-10
"Tmem64"	156.606806379351	-3.5948191363328	0.420139883315103	-8.5562434776912	1.16604892194004e-17	8.39272951748538e-16
"Xdh"	544.425637278956	-3.59569386054065	0.661333719216121	-5.43703391504463	5.41748293750928e-08	1.10419510851827e-06
"Dmpk"	57.2646069102578	-3.61694392209834	0.948043021421631	-3.81516855287282	0.000136090009780693	0.00120275243691944
"Ift81"	64.2141269219416	-3.61789581342066	1.03981165001313	-3.47937610948576	0.000502582689700447	0.0036802103100612
"Itgb7"	703.581471068976	-3.62391840861967	0.612725540563788	-5.91442361825686	3.33039739488253e-09	8.93163018224666e-08
"Plp2"	1134.80664648938	-3.66380611998136	0.512467374821015	-7.14934510955159	8.71928699146736e-13	3.86921633251992e-11
"Lrig3"	143.488938656842	-3.68222115335686	0.560323868301714	-6.57159432546985	4.97793353323055e-11	1.78108774383893e-09
"Sept1"	827.572776294066	-3.76436437298612	0.287876128805878	-13.0763338683234	4.49607320084504e-39	1.62045057777773e-36
"C2cd4a"	13.9130587262462	-3.79769635455897	1.10747108228192	-3.42916073865686	0.000605450841469105	0.00431376426441127
"Paqr8"	281.131427487291	-3.82153020841673	0.315815795054783	-12.1005037374835	1.04965084075545e-33	2.67425697824884e-31
"Msl3l2"	419.988920748921	-3.87035997394106	0.424521501578916	-9.11699397921211	7.72368777589133e-20	7.13330839152164e-18
"St14"	515.734054476553	-3.90710097919541	0.402068955095276	-9.71748982278318	2.53964919745629e-22	2.88679970698551e-20
"Ngp"	2860.56003487867	-3.90741286370652	0.748195589475864	-5.22244840609632	1.76572762716841e-07	3.2212539687244e-06
"Cldn23"	29.7310756718594	-3.91370792701565	0.835501710879632	-4.68426081724623	2.80972048846793e-06	3.9466957849896e-05
"Gcnt4"	600.160497826378	-3.92013553744717	0.388639757280116	-10.0868103790568	6.31894545803712e-24	8.19079447661532e-22
"Vill"	229.713723481813	-3.92447662246839	0.557571988542213	-7.03851108576857	1.9430484625471e-12	8.29838934423654e-11
"Fam135a"	25.1145347739368	-3.93682632460498	1.00293715250901	-3.925297128296	8.66227482819742e-05	0.000812198192489044
"H2afy2"	80.2947147630702	-3.94148425455695	0.58081118689073	-6.78617138154136	1.15148356822812e-11	4.39676296839971e-10
"Kctd17"	461.325780182881	-3.98378127398398	0.479378110078531	-8.31031119324859	9.54514233010949e-17	6.53002630611241e-15
"Pde4c"	62.5542871098544	-3.98477991400581	1.15054368694144	-3.46338862159923	0.00053341737662021	0.00387527461864152
"Chd3"	3099.65036094771	-4.0071453759794	0.466224635496025	-8.59488124585292	8.33509504949713e-18	6.1277462460905e-16
"Acot4"	22.6506214551812	-4.02280955423675	1.54774693892447	-2.59913907956568	0.0093457899510753	0.0418816242558518
"S100a9"	3249.84263349708	-4.09348270936566	1.03675404509734	-3.94836434805644	7.86869832408013e-05	0.000747754052314675
"Ghr"	29.641551345369	-4.17390967870805	0.840075983855781	-4.96849065908376	6.74760500403521e-07	1.10054480292084e-05
"Tmem243"	61.9197839212696	-4.18325327511442	0.891442349174313	-4.69267954230479	2.69649704396409e-06	3.81667977190204e-05
"Zcchc24"	48.5218160461642	-4.192339616616	0.921501274468331	-4.54946697608726	5.37819731667257e-06	7.06432193319738e-05
"H2-Eb2"	54.5290932310789	-4.21294796097991	0.930740695681273	-4.52644649635327	5.99837769103622e-06	7.76164861124712e-05
"Hcn3"	40.0247918958941	-4.22463871374121	0.918981098645042	-4.59708988571155	4.28432821681811e-06	5.7658941766777e-05
"Gm15910"	126.162175487347	-4.24309238323315	0.561717799560628	-7.55377947174198	4.22805844593316e-14	2.22341706959268e-12
"March9"	42.8363547030269	-4.25349466153528	1.23407115796384	-3.44671750416189	0.000567441591476625	0.00407636577406422
"Ranbp17"	174.877511837146	-4.32436974793807	0.432045874802579	-10.009052279261	1.39078428779801e-23	1.75654866844369e-21
"Med12l"	37.0966183610038	-4.33347964433029	1.1466907443896	-3.77911801026793	0.000157384827862174	0.00135687024581058
"Smpd3"	202.697785143019	-4.37792018818806	0.302972262867278	-14.4499042478548	2.5103460152693e-47	1.61284274207106e-44
"Tgfb2"	35.5313183357241	-4.4856279266646	1.02383817829532	-4.38118837698857	1.18033766348578e-05	0.000140095177938389
"D10Bwg1379e"	473.39589084959	-4.54894591581995	0.528239499333194	-8.61152170854728	7.20970832939548e-18	5.40801319713081e-16
"Cftr"	342.969096755769	-4.55672643417125	1.2777464490523	-3.56622116817539	0.000362165758148994	0.00278880844615304
"Prr5"	113.665302831215	-4.56984918655988	0.933523119869167	-4.895271567779	9.8170066174078e-07	1.53671511425249e-05
"Ttc30a1"	76.4857034599437	-4.60122714444518	0.888002890155542	-5.18154523533052	2.2005520551217e-07	3.90836030270834e-06
"Nlrp10"	117.288276124036	-4.67458486801934	0.541408716335745	-8.63411453671626	5.91836769613792e-18	4.57883347883927e-16
"Cdkn2c"	2373.18922919691	-4.79232658248992	0.38958999504995	-12.3009488009965	8.95164029752378e-35	2.44959979030572e-32
"Myh15"	307.610758528445	-4.86511621857382	0.285960697381893	-17.0132338573667	6.55192934257486e-65	7.44752768424836e-62
"Dach1"	2827.20589455225	-4.88344339857021	0.188457086285439	-25.9127608031343	4.78266003811274e-148	3.5336683691596e-144
"Taf9b"	22.5939058178862	-4.88443062799364	1.21622806280996	-4.01604828678982	5.91821348928998e-05	0.000582634515198122
"Slc7a3"	20.3786605615443	-4.89483439268399	1.51956515459407	-3.22120731571499	0.00127651772078969	0.00816231170926405
"P2ry14"	24.2957564352008	-4.91874877948502	1.52166855195915	-3.23247054895899	0.00122724785480052	0.00790542351804152
"Elavl2"	113.716317630308	-4.96425440834343	1.49361465002807	-3.32365139043738	0.000888471839949625	0.00600078407803087
"Zbtb16"	501.766759136888	-5.01724208288476	0.627526713198152	-7.99526454788624	1.29295941851195e-15	7.83035300301273e-14
"Stk39"	60.3226446255067	-5.03193243331126	0.725311959028397	-6.9376112866688	3.98785160415205e-12	1.62337419158553e-10
"Ablim1"	193.369348975518	-5.11235145335332	1.65430900154944	-3.09032438834888	0.00199937999022229	0.0117102013933867
"Nmral1"	435.930751125972	-5.18767680549823	0.703595041897198	-7.37310028721918	1.66704983988928e-13	8.02410276353221e-12
"Kazn"	105.983009371437	-5.29378276533581	1.46954067829851	-3.60233836566208	0.000315367493320529	0.0024920777801056
"Tdrkh"	108.788724257924	-5.3478505129014	1.50077312429466	-3.56339704271744	0.000366086318468432	0.00281459808949429
"Galnt6"	1957.42664928762	-5.40525997036932	0.458928587806022	-11.777997958702	5.0682585111679e-32	1.17021337530513e-29
"Afm"	19.4400155050692	-5.52148189981644	1.29880795588985	-4.2511919293207	2.12635847297508e-05	0.000237141125699266
"Bahcc1"	179.061313386608	-5.58607212040763	0.517545866319037	-10.7933856377555	3.69906040473903e-27	6.14168714616053e-25
"Zc3h12c"	1431.46560659186	-5.61286123471909	0.553553971264241	-10.1396819932483	3.68296554551358e-24	4.90298935730218e-22
"Tlcd2"	51.8922170558315	-5.76079866578395	1.07730945234442	-5.34739452368806	8.92293786923691e-08	1.74873014447896e-06
"Flnc"	21.6926499447727	-5.80342529281403	2.10959522642375	-2.75096626126339	0.00594197628612205	0.0290167163185808
"Xlr4b"	63.460800007978	-5.8165116467378	1.05810052152497	-5.49712577246901	3.86031381763924e-08	8.11434669747582e-07
"Acox2"	60.2816059401221	-5.86748617645646	1.25366336560766	-4.68027250171139	2.8649386276561e-06	4.01662221070913e-05
"Etl4"	6.12345244523853	-5.92131653695159	2.30235112666839	-2.57185642466274	0.0101154832009448	0.0445268082396074
"Prf1"	29.1895311029703	-5.93365502774813	1.61120862263926	-3.68273539774659	0.000230744631028205	0.00189744764201657
"Zfp423"	15.6012805420238	-6.0270443415674	2.1399747056599	-2.81640914989641	0.00485637758956027	0.0246437814701003
"Ache"	32.9354544261232	-6.09607855448047	2.11671840398734	-2.87996671781993	0.00397717153311601	0.0208837588436968
"Fam155a"	12.9610985841911	-6.10780904717043	1.8422267058009	-3.31544919413981	0.000914959710158508	0.00615961714670263
"Rab38"	39.9707905254089	-6.10959826259403	2.112859112344	-2.89162596166483	0.00383253925586769	0.0202262259228418
"Zik1"	28.671426734276	-6.11456412799415	2.15768940435962	-2.83384815054458	0.00459911802405	0.0235111492918033
"Slc12a2"	34.092110072142	-6.11685399194423	2.18032006339542	-2.80548443076675	0.00502410084776848	0.0253037280938905
"Ppp1r26"	8.01289203747309	-6.15082897691046	2.26156006701864	-2.71972832674701	0.00653355707079583	0.0313462249464773
"Sh3tc2"	34.0340088926677	-6.15465636655244	2.33807168054577	-2.63236427598138	0.00847928943011546	0.0388050944698129
"Pde6c"	15.978595632946	-6.17263170999285	1.57120591659502	-3.92859500132843	8.54435963381175e-05	0.000803140357506862
"Ptpn3"	148.323694917204	-6.21506644150872	0.66176708180949	-9.39162223741119	5.90831448866806e-21	5.93926280265633e-19
"Nog"	201.628262991683	-6.27319871626713	0.728034398832256	-8.61662405832629	6.89570767186004e-18	5.2255319111321e-16
"6430573F11Rik"	3.68071876532578	-6.37313222047852	2.412792749018	-2.6413923131493	0.00825660502417784	0.0379495653008634
"Zfp57"	38.0364171989172	-6.47843794072881	2.11970873561375	-3.05628685294492	0.00224096748952579	0.0128601074146496
"Mef2c"	995.378100372548	-6.48426216624359	0.597724071101018	-10.8482533659711	2.03272570964663e-27	3.53383386017038e-25
"C2cd4b"	8.03495445383467	-6.50166418924197	2.40003859609002	-2.70898318045136	0.00674897610470558	0.0322020083626846
"Bik"	6.37793329003884	-6.53414879510213	2.22583662320429	-2.9355922743762	0.00332911580675499	0.0180067145960536
"Lipg"	1551.60947407722	-6.56225036967611	0.412147783833574	-15.9220809308681	4.45316494303088e-57	3.4633904401667e-54
"Crip1"	208.631726182375	-6.58927823178555	1.09767687659939	-6.00293070962668	1.93787333309761e-09	5.42347618242111e-08
"Rragb"	10.4374840549739	-6.70139505449228	2.29542449681198	-2.91945784485596	0.00350640814848665	0.0188552377038527
"Epn2"	20.4661658312114	-6.86427407614351	2.12867249690028	-3.22467363398508	0.00126116352178816	0.00808863427146857
"Fam135b"	34.4365855609717	-6.92583192596204	1.72842584894685	-4.00701709603684	6.14904137747212e-05	0.000602948801824191
"Stag3"	275.481808817398	-6.96459020308566	0.51833585074417	-13.4364431730637	3.69788087067754e-41	1.51787737850005e-38
"Cers4"	83.3885871892328	-7.02903286754238	1.49847383505586	-4.69079452914196	2.72146164627313e-06	3.84832906669647e-05
"5830428M24Rik"	26.4706740253179	-7.03471450593268	2.17227902018735	-3.23840282052071	0.00120200962901623	0.0077767496882543
"Frzb"	1499.8233760777	-7.05099281872292	0.311214356361367	-22.6563867462967	1.20684972775157e-113	4.45840460674622e-110
"Kcnj16"	10.8966368702113	-7.09642377678599	2.40473170748899	-2.95102516205272	0.00316721114371411	0.0172382611678319
"H2-Ab1"	420.032566578928	-7.09849756767542	1.65282805739553	-4.29475863258334	1.748834983831e-05	0.00019955625139823
"Tenm3"	7.42977042779684	-7.16512407465279	2.40864469697455	-2.97475343028083	0.00293224134288973	0.0161678098223439
"Rpgr"	144.985969197423	-7.16658957832502	1.45930149523732	-4.91097254523099	9.06257777092833e-07	1.4307447833441e-05
"Acot6"	27.7999305877309	-7.19427078801768	2.15964369452806	-3.33123042761451	0.000864629983728261	0.00586891927861852
"Epha7"	3026.79385666942	-7.29523072422043	0.542251948016724	-13.4535814041842	2.93314500299368e-41	1.27479657968346e-38
"Ldoc1l"	11.7259991570078	-7.32682310839862	2.20319966007771	-3.32553750854346	0.000882482255148232	0.00597363274591179
"Gpr183"	94.384165597407	-7.41159976827486	1.07463195871177	-6.89687265318222	5.31597952942138e-12	2.13462580180054e-10
"Irx5"	609.610950159064	-7.48272769135408	0.724888078374507	-10.322597259612	5.56957842141244e-25	7.99045245953511e-23
"Alpi"	36.2061571182381	-7.52561238897531	1.51031273810922	-4.98281726630787	6.26651241817912e-07	1.02889171114925e-05
"Nespas"	14.8813438086112	-7.76926137445158	2.16633513498521	-3.58636170783641	0.000335323763093456	0.00261481754471346
"Alox5"	900.295199764193	-7.99678139003353	0.79270366130604	-10.0879834172309	6.2439021281353e-24	8.16514528738543e-22
"Rbp4"	589.553403758115	-8.06910260218686	0.564549830114869	-14.2929856174876	2.42007512421324e-46	1.32449815224071e-43
"Prickle3"	270.555648542113	-8.14270606969332	1.48921361895568	-5.46778915129951	4.55683472869214e-08	9.49736908122479e-07
"Rims2"	10.7732629584286	-8.19258365815329	2.21927462446469	-3.69155920039839	0.000222883503085811	0.00183689320975964
"Eid2"	14.3767361848092	-8.23497658024971	2.14976745570544	-3.83063598734562	0.000127812471913895	0.00113913443755828
"Zfp507"	617.775647867709	-8.41608576015926	0.844977767770499	-9.96012685915438	2.2777188924887e-23	2.78164066729798e-21
"Slc15a2"	191.663871531629	-8.4378203862309	1.58640272622722	-5.31883880853995	1.04431603430844e-07	2.02517822033804e-06
"Eif5a2"	24.6938603145421	-8.70545485433462	2.13555402983354	-4.07643858816964	4.57307260501024e-05	0.000463804350612466
"Tcf24"	3196.19367917697	-8.72941742548667	0.36896139991183	-23.6594327416709	9.43891393301784e-124	4.64929437294016e-120
"5730409E04Rik"	39.1725175517475	-8.87754959226409	2.07107015909023	-4.28645526724395	1.81546738878113e-05	0.000206840104888348
"Zfp783"	349.59138649524	-8.91517784300307	1.03290310075536	-8.63118509033754	6.07195338808002e-18	4.67031821092106e-16
"Mdfic"	321.603914408353	-8.97452589419336	1.5530974795574	-5.77846916392581	7.53833561815916e-09	1.86277567607923e-07
"Dmwd"	333.972200127265	-9.02245964205532	1.57125154645224	-5.74221209991953	9.34476704071229e-09	2.25633370197068e-07
"Bcl11b"	198.928938662677	-10.030630762328	2.08206339680145	-4.81763945215957	1.45266559825104e-06	2.18372731895784e-05
"Kdm5d"	275.192047909376	-10.0721511423812	3.04172575529283	-3.31132782922816	0.000928543588473206	0.00623402481002661
"Ddx3y"	603.344537549093	-10.2065005510509	2.75264435440542	-3.70788930096112	0.000208993974733927	0.00173402805426347
"Stra6"	50.9636821936176	-10.2564726629084	2.09433312290343	-4.89724989341218	9.71872133243826e-07	1.52618007576451e-05
"Gal3st1"	123.022165864464	-10.729966327077	2.05336666125705	-5.22554813493863	1.73639939827352e-07	3.18347070822429e-06
"Vldlr"	233.098423038853	-11.0764383317812	2.13760925277571	-5.18169460456736	2.19879018134946e-07	3.90836030270834e-06
"Lipo1"	152.169891876744	-11.3169795666083	2.05852294789921	-5.49762128139385	3.84948553006965e-08	8.1031122048204e-07
"Eya1"	547.998071392254	-11.3511138016555	1.5917923121447	-7.13102690285116	9.96228431777277e-13	4.39440821981278e-11
"Ikzf2"	2897.2472141518	-12.2798421717753	1.44674168276434	-8.48793002791744	2.10350152683784e-17	1.49439625298474e-15
"Uty"	252.454129084039	-12.4863044212492	3.10269017667296	-4.02434781117541	5.71334266364261e-05	0.000565100833605401
